id;version;code;name
1;1;.;.
2;1;AAI;AAI
3;1;ACTIM;ACTIM
4;1;ACTIM;ACTIM
5;1;ACTIM;ACTIM
6;1;ACTIM;ACTIM
7;1;ACTIM;ACTIM
8;1;ACTIM;ACTIM
9;1;ACTIM;ACTIM
10;1;ACTION COMMERCIALE ANTOINE;ACTION COMMERCIALE ANTOINE
11;1;ACTION COMMERCIALE CHRISTOPHE;ACTION COMMERCIALE CHRISTOPHE
12;1;ACTION COMMERCIALE JEROME;ACTION COMMERCIALE JEROME
13;1;ACTION COMMERCIALE LOUIS DESPATURES;ACTION COMMERCIALE LOUIS DESPATURES
14;1;ACTION COMMERCIALE NICOLAS;ACTION COMMERCIALE NICOLAS
15;1;ACTION COMMERCIALE STEPHANE;ACTION COMMERCIALE STEPHANE
16;1;ACTION COMMERCIALE SYLVAIN;ACTION COMMERCIALE SYLVAIN
17;1;ACTION COMMERCIALE VINCENT;ACTION COMMERCIALE VINCENT
18;1;ACTION COMMERCIALE YANNICK BERNARD;ACTION COMMERCIALE YANNICK BERNARD
19;1;ACTION PALO - JUIN 2015;ACTION PALO - JUIN 2015
20;1;ACTION PRONAL;ACTION PRONAL
21;1;ACTION PRONAL 360;ACTION PRONAL 360
22;1;ACTION PRONAL LIFTING BAG;ACTION PRONAL LIFTING BAG
23;1;ADIPEC (ABU DHABI) 2008;ADIPEC (ABU DHABI) 2008
24;1;ADIPEC 2015;ADIPEC 2015
25;1;ADIPEC 2015;ADIPEC 2015
26;1;ADIPEC 2015 - PARTNER;ADIPEC 2015 - PARTNER
27;1;ADIPEC 2016;ADIPEC 2016
28;1;agriculture mars 2011;agriculture mars 2011
29;1;AGRICULTURE UKRAINE;AGRICULTURE UKRAINE
30;1;AIRPORT SHOW DUBAI 2013;AIRPORT SHOW DUBAI 2013
31;1;ALIBABA;ALIBABA
32;1;allemagne mai 2012;allemagne mai 2012
33;1;AMERICANA 2009;AMERICANA 2009
34;1;ARTF8;ARTF8
35;1;ASIA WATER 2016;ASIA WATER 2016
36;1;ATACHE DE DEFENSE - NOV 2014;ATACHE DE DEFENSE - NOV 2014
37;1;BARRAGE ANTI INONDATION 2013;BARRAGE ANTI INONDATION 2013
38;1;BASRA 2011;BASRA 2011
39;1;BATIMAT 2011;BATIMAT 2011
40;1;BATIMAT 2015;BATIMAT 2015
41;1;BDD PAYS NORDIQUE 2009;BDD PAYS NORDIQUE 2009
42;1;BENIN (COTONOU) 2008;BENIN (COTONOU) 2008
43;1;BLEGIQUE Février 2012;BLEGIQUE Février 2012
44;1;BOAMP;BOAMP
45;1;BTP;BTP
46;1;CARRIERES - JANV 2016;CARRIERES - JANV 2016
47;1;CARRIERES - SEPT 2015 - ELODIE;CARRIERES - SEPT 2015 - ELODIE
48;1;CASPIAN OIL & GAZ 2006;CASPIAN OIL & GAZ 2006
49;1;CASPIAN OIL&GAS;CASPIAN OIL&GAS
50;1;CHANGEMENT SECTEUR;CHANGEMENT SECTEUR
51;1;CHINA GLASS 2016;CHINA GLASS 2016
52;1;CHINA GLASS EXPO 2014;CHINA GLASS EXPO 2014
53;1;CHINE 2009;CHINE 2009
54;1;Christian Travert;Christian Travert
55;1;Cité de la Mer à Cherbourg - Projet industriel d'Alstom;Cité de la Mer à Cherbourg - Projet industriel d'Alstom
56;1;COMPOSITE MEETING 2011;COMPOSITE MEETING 2011
57;1;CWIEME 2013;CWIEME 2013
58;1;CWIEME 2014;CWIEME 2014
59;1;CWIEME 2014;CWIEME 2014
60;1;CWIEME 2015;CWIEME 2015
61;1;CWIEME 2016;CWIEME 2016
62;1;CWIEME BERLIN 2012;CWIEME BERLIN 2012
63;1;CYCLATOM 2012;CYCLATOM 2012
64;1;CYCLATOME;CYCLATOME
65;1;DEFENSE & SECURITY 2013;DEFENSE & SECURITY 2013
66;1;Defense & Security 2015;Defense & Security 2015
67;1;DEFEXPO (NEW DELHI) 2008;DEFEXPO (NEW DELHI) 2008
68;1;DENMARK April 2012;DENMARK April 2012
69;1;DEPLACEMENT JANVIER 2016;DEPLACEMENT JANVIER 2016
70;1;DEPLACEMENT MAI 2016;DEPLACEMENT MAI 2016
71;1;DEPLACEMENT MARS 2016;DEPLACEMENT MARS 2016
72;1;DEPLACEMENT NOV 2015;DEPLACEMENT NOV 2015
73;1;DEPLACEMENT REGION LYON - FEVRIER 2016;DEPLACEMENT REGION LYON - FEVRIER 2016
74;1;DEPLACEMENT REGION MARSEILLE - AVRIL 2015;DEPLACEMENT REGION MARSEILLE - AVRIL 2015
75;1;DEPLACEMENT SUD FRANCE - MARS 2016;DEPLACEMENT SUD FRANCE - MARS 2016
76;1;DEVELOPPEMENT COMMERCIAL VIVO ENERGIE;DEVELOPPEMENT COMMERCIAL VIVO ENERGIE
77;1;DIRECT INDUSTRIE;DIRECT INDUSTRIE
78;1;DIRECT INDUSTRIE;DIRECT INDUSTRIE
79;1;DIRECT INDUSTRIE;DIRECT INDUSTRIE
80;1;DIRECT INDUSTRIE (VISITEURS IDENTIFIES);DIRECT INDUSTRIE (VISITEURS IDENTIFIES)
81;1;DSA (KUALA LUMPUR) 2008;DSA (KUALA LUMPUR) 2008
82;1;DSA 2010;DSA 2010
83;1;DSA 2014;DSA 2014
84;1;DSA 2014;DSA 2014
85;1;DSA 2014;DSA 2014
86;1;DSA 2016;DSA 2016
87;1;DSA 2016 AGENT;DSA 2016 AGENT
88;1;DUBAI AIRSHOW;DUBAI AIRSHOW
89;1;DVD (MILLBROOK) 2008;DVD (MILLBROOK) 2008
90;1;EDGB2B;EDGB2B
91;1;EDGB2B;EDGB2B
92;1;EGTP;EGTP
93;1;ELECRAMA 2016;ELECRAMA 2016
94;1;ELECRAMA 2016 2;ELECRAMA 2016 2
95;1;ELECTRA MINING 2016;ELECTRA MINING 2016
96;1;ELECTRAMINING 2016;ELECTRAMINING 2016
97;1;EMAILING ANNONCE LE BOURGET;EMAILING ANNONCE LE BOURGET
98;1;EMAILING ANNONCE SITE PRONAL;EMAILING ANNONCE SITE PRONAL
99;1;EMAILING COLAS;EMAILING COLAS
100;1;EMAILING FOURNISSEUR ED;EMAILING FOURNISSEUR ED
101;1;eolien;eolien
102;1;EPTEE SHANGHAI 2010;EPTEE SHANGHAI 2010
103;1;EPUR;EPUR
104;1;espagne oct 2010;espagne oct 2010
105;1;EUROMARITIME 2013;EUROMARITIME 2013
106;1;EUROMERX;EUROMERX
107;1;EUROSATORY (PARIS) 2008;EUROSATORY (PARIS) 2008
108;1;EUROSATORY 2010;EUROSATORY 2010
109;1;EUROSATORY 2012;EUROSATORY 2012
110;1;EUROSATORY 2014;EUROSATORY 2014
111;1;EUROSATORY 2014;EUROSATORY 2014
112;1;EUROSATORY 2016;EUROSATORY 2016
113;1;EWEA 2011;EWEA 2011
114;1;EWEA 2013;EWEA 2013
115;1;EWEA 2013;EWEA 2013
116;1;EWEA 2015 DANEMARK;EWEA 2015 DANEMARK
117;1;EWEA Avril 2012;EWEA Avril 2012
118;1;EXPLOITATION CATALOGUE POLLUTEC 2014;EXPLOITATION CATALOGUE POLLUTEC 2014
119;1;EXPO BEACH FREJUS 2010;EXPO BEACH FREJUS 2010
120;1;FARNBOROUGH 2012;FARNBOROUGH 2012
121;1;FDIC 2013;FDIC 2013
122;1;FED 2011;FED 2011
123;1;FERTILISANTS - SEPT 2015 - ELODIE;FERTILISANTS - SEPT 2015 - ELODIE
124;1;FICHER DELTA FORCE;FICHER DELTA FORCE
125;1;FICHIER ADRESSE JEAN LOUIS COMTE;FICHIER ADRESSE JEAN LOUIS COMTE
126;1;FICHIER SCAR;FICHIER SCAR
127;1;FIDAE 2010;FIDAE 2010
128;1;FIDAE 2012;FIDAE 2012
129;1;FIDAE 2014;FIDAE 2014
130;1;FRTP Auvergne;FRTP Auvergne
131;1;FRUIT ATTRACTION 2014;FRUIT ATTRACTION 2014
132;1;FUTURALIA 2012;FUTURALIA 2012
133;1;GLASSTECH ASIA 2013;GLASSTECH ASIA 2013
134;1;Hannover;Hannover
135;1;HASSI MESSAOUD 2013;HASSI MESSAOUD 2013
136;1;HASSI MESSAOURD 2013;HASSI MESSAOURD 2013
137;1;HELLO PRO;HELLO PRO
138;1;HUSUM WIND ENERGY;HUSUM WIND ENERGY
139;1;HYDRAULIQUE - OCT 2015 - FRANCK;HYDRAULIQUE - OCT 2015 - FRANCK
140;1;IDET 2013;IDET 2013
141;1;IDEX;IDEX
142;1;IDEX (ABU DHABI) 2009;IDEX (ABU DHABI) 2009
143;1;IEEE 2014 - CHICAGO;IEEE 2014 - CHICAGO
144;1;IFAT (MUNICH) 2008;IFAT (MUNICH) 2008
145;1;IFAT 2014;IFAT 2014
146;1;IFAT 2014 - MUNICH;IFAT 2014 - MUNICH
147;1;INDE AERO;INDE AERO
148;1;INDO DEFENCE EXHIBITION, JAKARTA 5-8TH NOV 2014;INDO DEFENCE EXHIBITION, JAKARTA 5-8TH NOV 2014
149;1;Industrie Lyon 2015;Industrie Lyon 2015
150;1;INDUSTRIES et TECHNIQUES;INDUSTRIES et TECHNIQUES
151;1;INDUSTRIES et TECHNIQUES;INDUSTRIES et TECHNIQUES
152;1;INDUSTRIES et TECHNIQUES;INDUSTRIES et TECHNIQUES
153;1;INDUSTRIES et TECHNIQUES;INDUSTRIES et TECHNIQUES
154;1;INDUSTRIES et TECHNIQUES;INDUSTRIES et TECHNIQUES
155;1;INTER AIRPORT 2011;INTER AIRPORT 2011
156;1;INTER AIRPORT 2013;INTER AIRPORT 2013
157;1;INTER AIRPORT 2013;INTER AIRPORT 2013
158;1;INTERMAT 2015;INTERMAT 2015
159;1;INTERSPILL 2009;INTERSPILL 2009
160;1;IRAN OIL 2016;IRAN OIL 2016
161;1;IRAN OIL SHOW 2014;IRAN OIL SHOW 2014
162;1;JOHN ANDERSON;JOHN ANDERSON
163;1;JOHN ANDERSON;JOHN ANDERSON
164;1;JOSE ARIAS;JOSE ARIAS
165;1;LA CIOTAT 2010;LA CIOTAT 2010
166;1;LAAD (RIO);LAAD (RIO)
167;1;LE BOURGET;LE BOURGET
168;1;LE BOURGET 2009;LE BOURGET 2009
169;1;LE BOURGET 2011;LE BOURGET 2011
170;1;LIBRAMONT 2011;LIBRAMONT 2011
171;1;LIFTINGBAG;LIFTINGBAG
172;1;LINKEDIN;LINKEDIN
173;1;LWC AUSTRALIE 2010;LWC AUSTRALIE 2010
174;1;MAILING INDUSTRIES;MAILING INDUSTRIES
175;1;MAILING INDUSTRIES;MAILING INDUSTRIES
176;1;MAILING PROMO PALO - JUIN 2015;MAILING PROMO PALO - JUIN 2015
177;1;MCE DEEP WATER 2012;MCE DEEP WATER 2012
178;1;MECATRONIC EXPO 2009;MECATRONIC EXPO 2009
179;1;MERSEILLE DEC 2012;MERSEILLE DEC 2012
180;1;MILENG DEC 2010;MILENG DEC 2010
181;1;MINES ET CARRIERES 2013;MINES ET CARRIERES 2013
182;1;MSPO Pologne 2010;MSPO Pologne 2010
183;1;NEWS OBTURATEUR;NEWS OBTURATEUR
184;1;NEWS RESERVOIR;NEWS RESERVOIR
185;1;NEWSLETTER PRONAL;NEWSLETTER PRONAL
186;1;NGE 2016;NGE 2016
187;1;NUCLEAR POWER INDUSTRY CHINE 2010;NUCLEAR POWER INDUSTRY CHINE 2010
188;1;NUKLEA 2011;NUKLEA 2011
189;1;NUKLEA 2013;NUKLEA 2013
190;1;obturateur 2012;obturateur 2012
191;1;OFFSHORE 2013;OFFSHORE 2013
192;1;OFFSHORE AMSTERDAM 2011;OFFSHORE AMSTERDAM 2011
193;1;OFFSHORE ASIA 2010;OFFSHORE ASIA 2010
194;1;OFFSHORE EUROPE ABERDEEN 2013;OFFSHORE EUROPE ABERDEEN 2013
195;1;OG2S;OG2S
196;1;OGA 2011;OGA 2011
197;1;OGA 2015;OGA 2015
198;1;OIL&SPACE 2013;OIL&SPACE 2013
199;1;OMC ITALIE 2015 - MARS 2015;OMC ITALIE 2015 - MARS 2015
200;1;OMC RAVENNA 2013;OMC RAVENNA 2013
201;1;OMC RAVENNA 2013;OMC RAVENNA 2013
202;1;ONS 2014;ONS 2014
203;1;ONS 2016;ONS 2016
204;1;OSEA 2012;OSEA 2012
205;1;OTC (HOUSTON);OTC (HOUSTON)
206;1;OTC (HOUSTON) 08;OTC (HOUSTON) 08
207;1;OTC 2010;OTC 2010
208;1;OTC 2012;OTC 2012
209;1;OTC 2013;OTC 2013
210;1;OTC HOUSTON 2014;OTC HOUSTON 2014
211;1;OTC HOUSTON 2015;OTC HOUSTON 2015
212;1;OTC RIO;OTC RIO
213;1;OVIVE 2016;OVIVE 2016
214;1;PARLYM;PARLYM
215;1;PARTENAIRE 2016;PARTENAIRE 2016
216;1;PIECES ET MOTOCULTURE 2014;PIECES ET MOTOCULTURE 2014
217;1;Pôle de Compétitivité EAU;Pôle de Compétitivité EAU
218;1;POLLUTEC;POLLUTEC
219;1;POLLUTEC (LYON) 2008;POLLUTEC (LYON) 2008
220;1;POLLUTEC 2009;POLLUTEC 2009
221;1;POLLUTEC 2010;POLLUTEC 2010
222;1;POLLUTEC 2012;POLLUTEC 2012
223;1;POLLUTEC 2012;POLLUTEC 2012
224;1;pollutec 2012;pollutec 2012
225;1;POLLUTEC 2014;POLLUTEC 2014
226;1;POLLUTEC 2014;POLLUTEC 2014
227;1;POWER ENERGIES 2012;POWER ENERGIES 2012
228;1;PREVENTICA 2012;PREVENTICA 2012
229;1;PRONAL : Happy Chinese New Year 2016 !;PRONAL : Happy Chinese New Year 2016 !
230;1;pronal asia manufacturing sdn - OCT 2014;pronal asia manufacturing sdn - OCT 2014
231;1;Prospection;Prospection
232;1;PROSPECTION ITALIE JANVIER 2014;PROSPECTION ITALIE JANVIER 2014
233;1;PROSPECTION PFCE CHINE;PROSPECTION PFCE CHINE
234;1;PROSPECTION USA - HOUSTON FEVRIER 2014;PROSPECTION USA - HOUSTON FEVRIER 2014
235;1;prospects asie sept 2014;prospects asie sept 2014
236;1;PROTECFLOOD - aout 2015;PROTECFLOOD - aout 2015
237;1;recherche blindeo;recherche blindeo
238;1;RECHERCHE SUR LE WEB;RECHERCHE SUR LE WEB
239;1;REPRISE ACTIVITE PALO 2013;REPRISE ACTIVITE PALO 2013
240;1;RESEAU;RESEAU
241;1;Salon industrie Lyon 2015;Salon industrie Lyon 2015
242;1;SALON ONS NORVEGE;SALON ONS NORVEGE
243;1;SALON SCAR 2016;SALON SCAR 2016
244;1;SCOTTISH DEVELOPMENT INTERNATIONAL;SCOTTISH DEVELOPMENT INTERNATIONAL
245;1;SECURITY & DEFENSE 2013;SECURITY & DEFENSE 2013
246;1;SEPEM 2011;SEPEM 2011
247;1;SEPEM ANGERS 2011;SEPEM ANGERS 2011
248;1;SEPEM AVIGNON 2012;SEPEM AVIGNON 2012
249;1;SEPEM COLMAR 2012;SEPEM COLMAR 2012
250;1;SIAM;SIAM
251;1;SIAM 2012 - MAROC;SIAM 2012 - MAROC
252;1;SIAM 2013;SIAM 2013
253;1;SIAM 2014;SIAM 2014
254;1;SIAM 2014 - MAROC;SIAM 2014 - MAROC
255;1;SIAM 2015;SIAM 2015
256;1;SINGAPOR WATER WEEK 2016;SINGAPOR WATER WEEK 2016
257;1;SINGAPORE 2010;SINGAPORE 2010
258;1;SITE www.pronal.com;SITE www.pronal.com
259;1;SITE www.pronal360.com;SITE www.pronal360.com
260;1;SITE www.pronalasia.com;SITE www.pronalasia.com
261;1;SITE www.pronal-liftingbag.com;SITE www.pronal-liftingbag.com
262;1;SOLUCIONES DE ALMACENAMIENTO;SOLUCIONES DE ALMACENAMIENTO
263;1;SOURCING INTERNET;SOURCING INTERNET
264;1;SPE OFFSHORE 2011;SPE OFFSHORE 2011
265;1;STOREXPERT 2013;STOREXPERT 2013
266;1;STOREXPERT 2016;STOREXPERT 2016
267;1;stp mars 2011;stp mars 2011
268;1;stp mars 2011;stp mars 2011
269;1;SUBSEA EXPO 2014 ABERDEEN;SUBSEA EXPO 2014 ABERDEEN
270;1;Swelia;Swelia
271;1;Tenaga Expo & Forum 2016;Tenaga Expo & Forum 2016
272;1;TERRES EN FETE 2012;TERRES EN FETE 2012
273;1;TEST;TEST
274;1;TEST BDD AGRI - COOPERATIVES & CUMA;TEST BDD AGRI - COOPERATIVES & CUMA
275;1;UK RENEWABLE EXCEL LONDON 2012;UK RENEWABLE EXCEL LONDON 2012
276;1;UK RENEWABLE MANCHESTER 2013;UK RENEWABLE MANCHESTER 2013
277;1;VERRE PLAT - FEVRIER 2016;VERRE PLAT - FEVRIER 2016
278;1;VIETNAM 2009;VIETNAM 2009
279;1;VIETNAM 2014;VIETNAM 2014
280;1;VIETNAM NETWORKING 2016;VIETNAM NETWORKING 2016
281;1;VINCI;VINCI
282;1;Visite du 30/06/2013;Visite du 30/06/2013
283;1;VISITE JANVIER 2015;VISITE JANVIER 2015
284;1;VISITE SECTEUR NANTES AVRIL 2014;VISITE SECTEUR NANTES AVRIL 2014
285;1;VOEUX 2013;VOEUX 2013
286;1;VOEUX 2014;VOEUX 2014
287;1;VOEUX 2016;VOEUX 2016
288;1;VOYAGE MEXIQUE FEVRIER 2015;VOYAGE MEXIQUE FEVRIER 2015
289;1;VOYAGE NORVEGE SEPT 2015;VOYAGE NORVEGE SEPT 2015
290;1;VOYAGE TOULOUSE JANVIER 2016;VOYAGE TOULOUSE JANVIER 2016
291;1;WINDFORCE BREME 2012;WINDFORCE BREME 2012
292;1;WINDINDUSTRY AMIENS 2011;WINDINDUSTRY AMIENS 2011
293;1;WNE 2016;WNE 2016
294;1;WORLD WATER;WORLD WATER
295;1;WTC;WTC
